{
  "last_run_timestamp_utc": "2025-10-28T15:20:45.639918",
  "total_execution_seconds": 3047.3599999999997,
  "cost_and_tokens": {
    "total_cost": 0.25837720000000003,
    "by_model": {
      "mistral-medium-latest": {
        "calls": 539,
        "input_tokens": 359813,
        "output_tokens": 57226,
        "cost": 0.25837720000000003
      }
    }
  }
}